401423,HARPER CATTLE A 1V,13
402307,"WHITE, HUGH 03",13
402308,HBB-HW UNIT 02H,13
402363,FLIPPO 1,13
402749,FOSSIL HILL 2,13
402805,HBB-HW UNIT 01H (FKA HBB 5H),13
402822,MCFARLAND WILSON 3H,13
402897,WILHOIT 3H (FKA Abilene Christian 1),13
503199,HARPER CATTLE B 1H,13
503478,TOMONA  2H (FKA PETERS 1H),13
503482,GRIFFITH A  1H,13
503483,HARPER CATTLE A 2H,13
503488,WILEY 5H,13
503493,LAWRENCE W 1H (USE 140259 BARBER W 2H),13
503983,TOMONA  1H (FKA PETERS 2H),13
504277,WILLIAMS UNIT N 1H,13
504338,Eagle Moumtain Lake Prospect,13
504359,FEDERAL B 1H,13
504368,ROOF 3H,13
504374,TRWD GG  1,13
504503,ALEDO ISD 1H,13
504504,ALEDO ISD 2H,13
504505,ALEDO ISD 3H,13
504506,ALEDO ISD 4H,13
504510,DILLARD 1H,13
504511,DOSS SOUTH 02H,13
504516,"MCDANIEL, 2H",13
504517,NORMAN 1H,13
504519,WILLIAMS UNIT N 2H,13
504523,HARPER CATTLE A 3H,13
504524,HARPER CATTLE A 4H,13
504526,HARPER CATTLE B 5A H,13
504527,HARPER CATTLE B 6H,13
504528,HARPER CATTLE B 10H,13
504529,HARPER CATTLE B 11H,13
504530,JOHNSON-NEELEY A 3H,13
504531,JOHNSON-NEELEY C 3H,13
504532,JOHNSON-NEELEY C 4H,13
504545,MOUSER B 1H,13
504655,COJO  1H,13
504688,HARPER CATTLE C 2H,13
504691,"MCDANIEL, W 1H",13
504993,WALSH RANCH WEST F 1 (reentry),13
505047,"DOSS, NORTH  2H",13
505049,WILDLIFE B  1H,13
505126,BAGBY HASLET 2H,13
505132,GARRETT B 1H,13
505184,SETH ELEVEN 1H (LONGFELLOW 2H),13
505185,WALSH RANCH WEST F 2H,13
505219,GUY UNIT 1H,13
505297,BARBER W  3H,13
505299,WALSH RANCH WEST F 4H,13
505302,BARBER W  5H,13
505315,HAYCO B 2H,13
505320,HAMES RANCH 1H,13
505437,PRUETT UNIT 1H,13
505438,FEDERAL C  1H,13
505441,"HASLET, GREGORY 2H",13
505443,HAYCO A UNIT A  1H,13
505474,VANCE 1H,13
505485,WALSH RANCH WEST P 2H,13
505532,FERGUSON 1H (FKA: SIMMONS 1H),13
505533,KARANGES 3H,13
505568,HILLS OF ARGYLE UNIT 1A,13
505864,HAMES RANCH 3H,13
506209,FEDERAL NORTH F 1H,13
506234,ARTERBURN & CROW 1H,13
506261,JONES FAMILY TRUST 01H,13
506264,HADLEY A 1H,13
506265,HADLEY B 3H,13
506266,HADLEY C 1H,13
506307,TRWD-WILDLIFE B  2H,13
506364,STAR UNIT 2H,13
506483,FEDERAL B 2H,13
506484,FEDERAL B 3H,13
506485,FEDERAL B 4H,13
506693,DUNCAN  1H,13
506823,SIDDONS 2H,13
506824,COLD STORAGE UNIT 3,13
506919,WALSH CRESSON RANCH B 1H,13
506920,WALSH CRESSON RANCH C 1H,13
506921,WALSH CRESSON RANCH D 1H,13
506922,WALSH CRESSON RANCH E 1H,13
506923,WALSH CRESSON RANCH F 1H,13
506924,WALSH CRESSON RANCH G 1H,13
506925,WALSH CRESSON RANCH H 1H,13
506926,WALSH CRESSON RANCH I 1H,13
506973,TRWD H3 UNIT H  3H,13
507097,HUNTER FERRELL  1H,13
507100,"NEILL, WAYNE  2H",13
507105,WALSH RANCH WEST U 1H,13
507201,WALSH RANCH WEST P 1V,13
507244,"ROE, MAUDI WALSH B 1H",13
507297,ANDREWS M 1H,13
507298,COOK-TEAM  1H,13
507299,THMC 1H,13
507301,PACIFIC A 2H,13
507302,OLE GIESER B 2H,13
507303,STEPHENS A 2H,13
507304,STEPHENS A 1H,13
507305,DOLLAR BOOTH A 1H,13
507309,ELLIS N 1H,13
507311,CLARY N 1H,13
507313,WALSH CRESSON RANCH E 4H,13
507314,"ROE, MAUDI WALSH B 2H",13
507384,"WHITE, HUGH 08H",13
507399,SUMMERS  1H,13
507400,ROSEN 3H,13
507404,HARRISON B 1H,13
507406,BELTRAM  3H(FKA LIGHTHOUSE 1H),13
507410,WINN DIXIE  1H,13
507426,ROGERS 1H,13
507438,ROGERS 2H,13
507579,JAVERI  2H,13
507588,WALSH CRESSON RANCH D 2H,13
507594,MITCHELL COJO  2H,13
507595,BARBER W  7H,13
507653,WALSH CRESSON RANCH D 4H,13
507676,YANDELL UNIT 4H,13
507740,TRAULSEN  1H,13
507800,WALSH CRESSON RANCH D 3H,13
507810,SHAWN A 1,13
507841,MEYERS  1H,13
507842,BBC-TRWD UNIT 1H,13
507858,"PRUETT, ME  A  2",13
507949,"MITCHELL, JOE  1H",13
507965,HARTNETT A  1H,13
507974,WALSH CRESSON RANCH E 2H,13
507975,WALSH RANCH WEST N 5H,13
507977,WALSH CRESSON RANCH E 3H,13
507979,BYRD D 1H,13
508117,WALSH CRESSON RANCH B 4H,13
508118,WALSH RANCH WEST E 4H,13
508189,OGLETREE UN 1H (FKA:LOWERY 1H),13
600018,HILLS OF BEAR CREEK B 1H,13
600022,TRWD-TAPP  UNIT 1H,13
600025,MARINE CREEK OF TX A  UNIT A1H,13
600030,TRWD-HEARNE  1H,13
600044,HILLS OF BEAR CREEK III UNIT A 3H,13
600120,FUQUA 1H,13
600158,MCNEILL 1H,13
600159,MANOR #1H,13
650043,DUNCAN UNIT 3H,13
650046,TRWD-GANTT A UNIT 1H,13
650064,"HELTON, CARL 1H",13
650066,BLACK RANCH 10H,13
650077,BULLINGTON A 1H,13
650079,KIMBROUGH-TRWD 1,13
650085,TRBP 1H,13
650098,JONES-HOOVER 1H,13
650114,CARGILL 1H,13
650115,BRISTER 1H,13
650126,WALSH CRESSON RANCH I 2H,13
650128,ALEDO FARMS D 1H,13
650129,ALEDO FARMS D 2H,13
650141,JOHNSON RANCH A 2H,13
650142,JOHNSON RANCH B 3H,13
650143,JOHNSON RANCH D 1H,13
650145,JOHNSON RANCH E 2H,13
650146,JOHNSON-TXU UNIT F 2H,13
650148,JOHNSON COOK G 2H,13
650149,JOHNSON COOK G 3H,13
650156,SIMPSON UNIT A 1H,13
650157,LARKIN UNIT 1H,13
650178,"GRIFFITH, J. 1H",13
650179,BERESFORD UNIT 1H,13
650199,"ROE, MAUDIE WALSH C 1H",13
650201,WALSH CRESSON RANCH G 2H,13
650217,PRICE 1H,13
650234,BLAKEMAN 1H,13
650240,PRIME RAIL UNIT 01H (FKA: MAJESTIC),13
650245,WALSH RANCH WEST K 2H,13
650246,WALSH CRESSON RANCH F 2H,13
650247,AZLE ISD HORNET 1H,13
650250,WALSH CRESSON RANCH H 2H,13
650251,WALSH CRESSON RANCH I 3H,13
650260,SELLERS 1H,13
650262,ROESER-TRWD Unit A 1H,13
650263,"ALLEN, MIKE A 1H",13
650264,MURRAY WHITEHEAD  UNIT 1H,13
650303,WEATHERBY 1H,13
650304,BRADHAM 1H,13
650305,JAKE UNIT 1H,13
650308,DAVIS-MULKEY UNIT 1H,13
650310,WYSE UNIT B 1H,13
650311,CLEVELAND UNIT A 1H  (Denton Co.),13
650314,"WHITE, HUGH 7H",13
650325,"MARTIN, DON D. 1H",13
650326,CLEBURNE STATE PARK 1H,13
650353,ARMSTRONG-TRWD UNIT 2H,13
650376,GLASS-CALAHAN 1H,13
650385,"GREEN, MONROE 2",13
650386,ROBERSON N 1H,13
650400,WILHOIT 4H,13
650484,FINCHER CD 1H,13
650485,FINCHER -RAMBO 1H,13
650571,DAVIS 2H (EAGLE MTN),13
650588,GIESER 1H,13
650591,JOHNSON RANCH G 4H,13
650592,JOHNSON RANCH H 1H,13
650593,JOHNSON COOK I 01H,13
650594,JOHNSON COOK I 02H,13
650595,JOHNSON COOK I 3H,13
650597,WALSH CRESSON RANCH H 4H,13
650598,WALSH CRESSON RANCH H 3H,13
650604,WALSH RANCH WEST M 2H,13
650606,WALSH CRESSON RANCH A 5H,13
650607,WALSH CRESSON RANCH A 3H,13
650632,KNAPP 1H,13
650634,DORAL 1H,13
650718,GAFFORD B 1H,13
650719,NEAL 1H,13
650721,HADLEY-BOMBARGER 1H,13
650779,BEECHWOOD A 2H,13
650780,DAVIDSON 1H,13
650789,POYNOR 4H,13
650793,FEDERAL NORTH UNIT E 3H,13
650794,FEDERAL NORTH UNIT E 4H,13
650815,NW TARRANT PARTNERS 1H,13
650816,NW TARRANT PARTNERS 2H,13
650880,ROWLAND UNIT N 1H,13
650895,KIMBROUGH-DUNLAP 2H,13
650902,RUSSELL WILLIE LEE NORTH 1H,13
650905,"FULLER, RICHARD 1H",13
650907,WALSH NORTH STAR A 1H,13
650908,WILLIAMS-SMITH B 1H,13
650914,VENTURE 1H,13
650915,HIGH VIEW ESTATES A 1H,13
650916,HIGH VIEW ESTATES 2H,13
650960,HARPER CATTLE B 7AH,13
650961,HARPER CATTLE B 8H,13
650962,HARPER CATTLE B 9H,13
650970,WALSH RANCH WEST H 6H,13
650976,WHITEHEAD 1H,13
650994,"SHAW, BILLY G. 1H (well will not be drilled)",13
650997,NATIONS N 1H,13
651032,WARREN UNIT 2H,13
651039,BURNETT CARTER UNIT 1H,13
651048,POWELL 1H,13
651053,"SMITH, ANNA MARIE 1H",13
651054,UNION PACIFIC 2H,13
651062,ABRA-TXU UNIT 3H,13
651164,BERGMAN A 1H,13
651166,LENTZ 1H,13
651169,CLAYTON 1H,13
651172,HARPER NEJ 2H,13
651173,WALSH RANCH WEST K 1H,13
651175,MOSITES A 1H,13
651220,"RICHARDSON, SID C 1H",13
651222,"RICHARDSON, SID B 1H",13
651224,TRBP 3H,13
651225,TRBP 2H,13
651226,JIMENEZ UNIT 2H,13
651227,"RICHARDSON, SID E 1H",13
651228,"RICHARDSON, SID H 1H",13
651256,BARKSDALE A UNIT 1H,13
651257,BARKSDALE A UNIT 2H,13
651258,BARKSDALE A UNIT 3H,13
651259,MIRA LAGOS UNIT 1H,13
651260,MIRA LAGOS UNIT 2H,13
651261,MIRA LAGOS UNIT 3H,13
651262,MIRA LAGOS UNIT 4H,13
651263,MIRA LAGOS EAST UNIT 5H,13
651264,MIRA LAGOS EAST UNIT 6H,13
651267,OWEN 3H,13
651268,"RICHARDSON, SID A 1H",13
651307,"RICHARDSON, SID G 1H",13
651308,"RICHARDSON, SID F 1H",13
651311,SUMMERS UNIT 2H,13
651321,CLEBURNE STATE PARK 2H,13
651322,CLEBURNE STATE PARK 5H,13
651326,WALSH CRESSON RANCH G 3H,13
651327,MIDKIFF N 1H,13
651412,OWEN 1H,13
651417,HARRISON B 2H,13
651419,LONG A UNIT 1H,13
651420,YANDELL 1H,13
651421,COLE LIVING TRUST 1H,13
651427,BELTRAM 4H,13
651499,HARRISON UNIT 1H,13
651577,JET GUNS 1H,13
651593,"MCADA, SAMMY 1H",13
651595,HARPER CATTLE C 8H,13
651600,BLACK THISTLE UNIT 2H,13
651623,BLACK THISTLE UNIT 3H,13
651624,BULLINGTON A 3H,13
651642,OWENS 4H,13
651646,REICHELT 2H,13
651661,CONTI UNIT 2H,13
651662,MAPLE TREE 2H,13
651667,JOHNSON RANCH J 1H,13
651668,JOHNSON RANCH K 1H,13
651669,COOPER A 1H,13
651670,MANOR UNIT G 1H,13
651674,MOSITES B 1H,13
651675,MOSITES B 2H,13
651677,MOSITES C 1H,13
651678,MOSITES C 2H,13
651680,MOSITES C 3H,13
651681,MOSITES C 4H,13
651682,MOSITES C 5H,13
651697,WALLS-COLEMAN 2H,13
651698,WALLS-COLEMAN 3H,13
651699,WALLS-COLEMAN 6H,13
651707,"HODGES, J. W.  UNIT 1H",13
651719,CHRIST LEAGUE E UNIT 01H,13
651720,PIGG 1H,13
651764,TXU-EML UNIT A 1H,13
651781,HARTNETT 3H,13
651897,"SUDDERTH, BOB 1H",13
651929,HARPER CATTLE C 5H,13
651930,HARPER CATTLE C 6H,13
651934,HILLS OF BEAR CREEK B 2H,13
651950,"STEPHENS, BERTHA 4HR",13
651981,KP DEVELOPMENT 1H,13
652049,LOWERY 1H,13
652055,MCADA 2H,13
652058,WICKIZER A 1H,13
652059,MICKLE UNIT  A 1H,13
652060,MADER UNIT B 2H,13
652062,"BRADBURY, PHIL 1H",13
652063,JACKSON UNIT 1H,13
652064,SCHERER 1H,13
652142,SEVENTH DAY ADVENTIST 1,13
652143,FREDDIE UNIT 3H (FKA STEELMAN),13
652144,MURRAY A 1H,13
652178,BYRD E 1H,13
652179,BYRD C 1H,13
652243,SWD - PEAK 01,13
652263,JACOBS UNIT 1H,13
652272,PEDEN 2H,13
652298,BBC-TRWD UNIT 2H,13
652299,BBC-TRWD UNIT 3H,13
652300,BBC-TRWD UNIT 4H,13
652305,ELLIS E 2H,13
652306,SAMMONS 1H,13
652323,SUPERIOR UNIT 1H,13
652389,RICHEY 1H,13
652390,RICHEY 2H,13
652472,KASAL 3H,13
652557,ROESER-TRWD UNIT B 1H,13
652558,HOSLER 1H,13
652560,CANYON WEST A 1H,13
652563,TRWD-GIRL SCOUT 1H,13
652564,CARTER B UNIT 2H,13
652566,CARTER B UNIT 3H,13
652567,CARTER B-TRWD UNIT 1H,13
652585,GRAYSTONE 1H (FKA:PETTON 1H),13
652611,BURLINGTON NORTHERN 1H,13
652668,WANN 4H,13
652669,MARSHALL LOFTIN 7H,13
652670,BRATTEN RANCH 14H,13
652710,HIDDEN CREEK 1H,13
652711,CLEBURNE STATE PARK 3H,13
652719,KASAL 4H,13
652764,DORAL 2H,13
652778,FORSTON BURTON KIRKLAND UNIT B 1H,13
652787,JAKE UNIT 2H,13
652807,MOORE UNIT 2H,13
652821,"JACKSON, JAMES D. C 1HR (SIDETRACKED)",13
652838,PARKER UNIT 1H,13
652844,PARKER UNIT 2H,13
652916,"MOORE, CV UNIT B 3H",13
652922,RFS UNIT 3H (TADSEN-STITES),13
652979,MILLS 1H,13
653016,BYRD A 2H,13
653045,RILEY UNIT 01H,13
653046,FEAGINS 1H (FKA NANCE),13
653047,JET GUNS UNIT 2H,13
653048,JET GUNS UNIT 3H,13
653049,JET GUNS UNIT 4H,13
653051,FRANKLIN UNIT A 1H,13
653055,MILLER BREWING A UNIT 1H,13
653073,WALSH NORTH STAR A 2H,13
653074,WALSH NORTH STAR B 1H,13
653076,WALSH NORTH STAR B 2H,13
653077,WALSH NORTH STAR B 3H,13
653078,WALSH NORTH STAR C 1H,13
653079,WALSH NORTH STAR C 2H,13
653090,"TURNER, RUTH 1H",13
653091,RAFAEL 1H,13
653132,DOYLE 1H,13
653133,WEISE UNIT A 1H,13
653134,WEISE A 2H,13
653135,HOOPER UNIT A 01H (fka PURYEAR),13
653136,MEADOR A 1H,13
653137,WILLIAMS UNIT N 3H,13
653138,WILLIAMS UNIT N 4H,13
653140,SEETON-ROCHIN 1H,13
653141,FORSTON BURTON KIRKLAND UNIT A 1 AH,13
653142,WALSH CRESSON RANCH A 2H,13
653143,WALSH RANCH WEST B 6H,13
653144,WALSH RANCH WEST I 4H,13
653176,DEMARIS 1H,13
653182,ARLINGTON-SURBER UNIT 1H,13
653183,ARLINGTON-SURBER UNIT 2H,13
653184,ARLINGTON-SURBER UNIT 3H,13
653185,EULESS-BONNEY UNIT 1H,13
653186,EULESS-BONNEY UNIT 2H,13
653187,EULESS-BONNEY UNIT 3H,13
653192,FREDDIE UNIT 4H (FKA ESTES 1H),13
653238,HOSLER UNIT 2H,13
653239,FRANKLIN UNIT B 1H,13
653258,JACOBS 2H,13
653261,"MARSHALL, JANE A UNIT 2H",13
653264,"FINCHER, CD 2H",13
653291,SCHOPPE GIESECKE 1H,13
653320,WILHOIT 5H,13
653321,BRUMBAUGH UNIT 8H,13
653324,TRUETT THOMAS 1H,13
653325,SDA BURLESON UNIT 1H,13
653326,PMC 1H,13
653373,WALLACE-HYLES 1H,13
653386,BRENTLINGER UNIT A 01H,13
653389,FIALHO 1,13
653406,SWD-BYRD D 1H,13
653469,VINSON FEE G 9,13
653486,WINNETT UNIT 2H,13
653506,WALSH RANCH WEST H 3H,13
653513,BASPED B1H,13
653542,BUZZY'S UNIT 1H,13
653544,DIAMOND M 1H,13
653545,ADDISON 1H,13
653546,WALSH RANCH WEST H 4H,13
653644,MORRIS UNIT A 1H,13
653698,WALSH RANCH WEST J 4H,13
653700,WALSH RANCH WEST J 5H,13
653702,RFS UNIT 2H,13
653719,MARTIN 1H,13
653720,JORDAN 1H,13
653721,"BRANSON, DOUGLAS 1H",13
653722,DIAMOND 1H,13
653723,MORGAN-PRIDDY 1H,13
653729,TRWD-MCNEILL A UNIT 2H,13
653730,TRWD-MCNEILL B UNIT 3H,13
653731,CROSSROADS UNIT 1H,13
653762,THORTON 1H,13
653807,BELTRAM UNIT 1H,13
653899,HARPER CATTLE C 10H,13
653901,TXU-TRWD N UNIT 10H,13
653902,TXU-TRWD S UNIT 17H,13
653910,BRANTS 5H,13
653912,SEMONES-MURPHY UNIT 1H,13
653934,"MOORE, CV UNIT B 4H",13
653949,ANDREWS UNIT M 2H,13
654041,LATHAM-TRWD UNIT 1H,13
654058,BELTRAM UNIT 1H,13
654092,QUARRY UNIT B 02H,13
654093,QUARRY UNIT B 01H,13
654097,YMCA A 1H,13
654098,YMCA UNIT B 01H,13
654107,RFS UNIT 1H,13
654108,BURNETT CARTER UNIT 2H,13
654225,BRUMBAUGH UNIT 9H,13
654226,BRUMBAUGH UNIT 12H,13
654236,YMCA UNIT B 02H,13
654239,YMCA A 2H,13
654241,BLACK RANCH SOUTH B 02H,13
654242,SANSOM PARK UNIT 3H,13
654243,BLACK RANCH SOUTH C 01H (FKA: 2H),13
654244,BLACK RANCH SOUTH 1H,13
654245,BLACK RANCH NORTH-B J 1H,13
654246,BLACK RANCH NORTH-B G 1H,13
654247,BLACK RANCH NORTH-B E 1H,13
654248,BLACK RANCH NORTH-B C 1H,13
654249,BLACK RANCH NORTH-B A 1H,13
654250,CRISP 1H,13
654253,ROOF 2H,13
654256,"RUSSELL, WILLIE LEE 1H",13
654258,WALSH NORTH STAR B 4H,13
654259,WALSH NORTH STAR B 5H,13
654262,"MARSHALL, JANE B UNIT 2H",13
654278,REGMUND A 1H,13
654279,PUFF 3H,13
654292,TRWD-TAPP UNIT 2H,13
654311,WELLS A UNIT 1H,13
654313,YANDELL 3H,13
654314,BYRD B 1H,13
654315,ELLIG 1H,13
654316,"GIBBS, THOMAS 1H",13
654317,TRWD-GANTT B 1H,13
654319,SWD-HARRISON UNIT 1H,13
654327,SOWELL 1H,13
654363,QUARRY UNIT B 03H,13
654390,MARION SANSOM PARK UNIT 1H,13
654391,KLUGE UNIT 1H,13
654393,FLOWERS UNIT 1H,13
654394,HILLS OF BEAR CREEK A 2H,13
654413,WHITEHEAD 2H,13
654414,CLEBURNE STATE PARK 4H,13
654416,JOHNSON RANCH D 2H,13
654433,CARDINAL ROAD 1LP,13
654436,LOWERY 2H,13
654437,PIGG 3H,13
654438,PIGG 2H,13
654439,YANDELL 2H,13
654444,ROESER SOUTH UNIT A 1H,13
654448,"WILLIAMS, BETTY UNIT 1H",13
654479,SHADED LANE 1H,13
654525,SCHULTZ-WALKER UNIT 1H,13
654526,TRWD-GANTT C UNIT 1H,13
654532,FOSSIL HILL 1,13
654533,GOLDEN TRIANGLE C 3,13
654538,PMJ TRUST 1H,13
654560,WALLS MEMORIAL HOSPITAL 3H,13
654562,HARPER-NEJ  WEST B 02CH,13
654597,BBC-TRWD UNIT 5H,13
654598,SWD - QUARRY UNIT 1,13
654603,WILDLIFE A W UNIT 5H,13
654604,"LOVE, DOROTHY 1H",13
654607,HARRISON B 3H,13
654608,WILLIAMS B 1H,13
654609,JOHNSON-THR J UNIT 2H,13
654614,SAU 01H,13
654642,BLACK RANCH NORTH A A 1H,13
654643,BLACK RANCH NORTH A D 1H,13
654644,BLACK RANCH NORTH A G 1H,13
654645,BLACK RANCH NORTH A H 1H,13
654652,SMETHERS A 1H,13
654657,HUDDLESTON TRUST 5,13
654687,LEROUX UNIT 1H,13
654714,ODELL WEST 1H,13
654718,"SCHULTZ, WILLIAM UNIT 1H",13
654727,WHITEHOUSE UNIT A 1H,13
654728,MILNE-CARROLL UNIT 1H,13
654731,QUARRY LATERAL,13
654798,MERCANTILE 3H,13
654800,ROSEN 4H,13
654818,"RICHARDSON, SID C 2H",13
654819,"RICHARDSON, SID C 3H",13
654821,"RICHARDSON, SID C 4H",13
654835,"ALLEN, MIKE UNIT A 2H",13
710006,TXU-TRWD S UNIT 21H (FKA: C 1H),13
710008,TXU-TRWD N UNIT 2H (FKA: C 2H),13
710009,TXU-TRWD S UNIT 13H (FKA: C 3H),13
710010,TXU-TRWD UNIT C 4H,13
710011,TXU-TRWD UNIT C 5H,13
710012,TXU-TRWD N UNIT 6H (FKA: C 6H),13
710021,BRUMBAUGH-CFW UNIT 1H,13
710046,TAYLOR 1,13
710066,ROESER TRWD UNIT B 2H,13
710067,GENTRY 1H,13
710068,GADDY 2H,13
710090,TX SCOTTISH RITE HOSPITAL 1H,13
710094,ALLEN LATERAL,13
710095,HOLYBEE UNIT 1,13
710106,CRUMBIE UNIT A 2H,13
710107,BULLARD 2H,13
710131,GOODMAN UNIT 1H,13
710132,PORTER UNIT 1H,13
710133,BLASENGAME UNIT 1H,13
710160,CITY OF ARLINGTON 1H,13
710161,CITY OF ARLINGTON 2H,13
710162,CITY OF ARLINGTON 3H,13
710164,HAVENER UNIT 1H,13
710165,HAVENER O 2H,13
710166,ANDREWS M 4H,13
710167,LONG UNIT B 1H,13
710169,JOHNSON RANCH A 5H,13
710192,BARNES TRUST ETAL 1H,13
710196,HOBSON-MCCOY-YOUNG UNIT 2H,13
710197,MORRIS-FOUST UNIT 2H,13
710201,"ABBOTT, DON UNIT 1H",13
710209,SALUSKY UNIT 1H,13
710269,ICI-LEJ UNIT 1H,13
710280,GAFFORD UNIT A 1H,13
710283,TODD UNIT A 01 H,13
710318,FERRIS 1H,13
710334,"STEPHENS, RP 1H",13
710339,HOLT-HICKMAN UNIT 2H,13
710353,COFFEE 1H,13
710354,SHOEBAR RANCH N 1H,13
710356,PANAGOPOULOS UNIT 2H,13
710357,PANAGOPOULOS UNIT 3H,13
710358,"JOHNSTON, MELINDA 1H",13
710361,CARTER B 6H,13
710369,HYLES B 1H,13
710394,ARMSTRONG-TRWD B UNIT 2H,13
710395,ARMSTRONG-AZLE N 1H,13
710396,ARMSTRONG-AZLE S 2H,13
710401,DUNCAN UNIT 4H,13
710410,WALLACE 1H,13
710436,ROWAN UNIT C 1H,13
710437,ROWAN UNIT B 1H,13
710438,ROWAN UNIT A 1H,13
710439,ABRA-TXU 04H,13
710444,WYSE UNIT A 1H,13
710463,SUPERIOR UNIT B 1H,13
710467,HARPER-NEJ D 01BH,13
710469,HARPER-NEJ D 02AH,13
710470,HARPER-NEJ B 01CH,13
710483,TRWD-WC UNIT 02H,13
710484,TUCKER 01H,13
710485,HADLEY-BOMBARGER UNIT 03H,13
710512,ODELL WEST 1H,13
710527,CALVILLO UNIT 01 H (LOVEJOY),13
710532,HARPER CATTLE A 1V,13
710544,PANAGOPOULAS UNIT 4H,13
710545,WANN 5H,13
710556,"NANCE, SONNY 4H",13
710557,BARBER W 9H,13
710560,VINSON-FEE G 3,13
710561,COPELAND F 1H,13
710617,TYLER-WHITEHEAD UNIT 1H,13
710624,FORSTON-BURTON-KIRKLAND A 2H,13
710625,MCCUTCHIN UNIT 1H,13
710653,KARI UNIT 01H,13
710659,REVELSTOKE 1H,13
710671,WALSH RANCH WEST O 3H,13
710672,WALSH RANCH WEST L 4H,13
710673,WALSH RANCH WEST L 5H,13
710674,WALSH RANCH WEST P 3H,13
710677,HARPER-NEJ EAST C 2AH,13
710678,SKINNER 1H,13
710679,"SKINNER, M&M 1H",13
710684,ROWAN UNIT B 2H,13
710689,MARTIN MOSS UNIT 1H,13
710702,CARTER A 4H,13
710737,HARPER CATTLE C 1H,13
710750,WALSH RANCH WEST J 3H,13
710751,KNAPP CA UNIT 2H,13
710758,KNAPP CA 1H,13
710762,DAUGHERTY 1H,13
710822,ARLINGTON-SURBER D UNIT 4H,13
710849,GREENLEE 1H,13
710850,RITCHIE A 01H,13
710851,HEARNE-WHITTENTON UNIT 3H,13
710867,LAKE PLACE B 3H,13
710874,WILLIS UNIT 01H,13
710888,EBERHART 01H,13
710889,CHANDLER 01H,13
710896,BASPED UNIT A 01H,13
710897,TIMBERVIEW A UNIT 03H,13
710898,JOHNSON RANCH F 3H,13
710907,Harper Cattle B 2AH,13
710913,JACK UNIT 03 AH,13
710918,BONHAM UNIT 02H,13
710922,SOUTHGATE UNIT B 01H,13
710941,NACCACHE 01 H,13
710944,JACKSON 01H,13
710946,NORMAN UNIT 01H (Somerville Co.),13
710949,STILL 01H,13
710955,ARTERBURN & CROW 4H,13
711023,"JACKSON, JERRY UNIT 01H",13
711024,ELLIG B UNIT 02H,13
711025,"RICHARDSON, SID B 2H",13
711026,"RICHARDSON, SID B 3H",13
711027,WINN DIXIE UNIT 2H,13
711037,MORRIS-FOUST UNIT 3H,13
711040,LAKE PLACE B 2H,13
711056,ICI-LEJ UNIT 1H,13
711071,ICI-LEJ UNIT 2H,13
711099,DWYER UNIT 1H,13
711102,LEDBETTER UNIT 1H,13
711181,KIMBROUGH-XTO UNIT 01H,13
711199,EPRI 03V,13
711232,SHOEBAR RANCH J 02H,13
711244,WILKINSON UNIT 02H,13
711245,WILKINSON UNIT 03H,13
711246,WILKINSON UNIT 04H,13
711247,NEAL UNIT 01H,13
711248,BRUMBAUGH-CFW UNIT 2H,13
711249,BRUMBAUGH-CFW UNIT 3H,13
711250,LEWIS UNIT A 1H,13
711251,KASAL TRUST UNIT 5H,13
711254,HAMPTON A 1H,13
711256,BONHAM UNIT B 1H,13
711257,ATWOOD A 1H,13
711282,ALLMO-MILLER 1H,13
711293,"SLOAN, JUDITH 1H",13
711305,CAPPS 1H,13
711306,CROSSROADS UNIT 2H,13
711311,TRUITT A 1,13
711332,MIRO LAGOS UNIT 7H,13
711333,MIRO LAGOS UNIT 8H,13
711334,MIRO LAGOS EAST UNIT 9H,13
711335,MIRO LAGOS EAST UNIT 10H,13
711336,MIRO LAGOS EAST UNIT 11H,13
711338,MIRO LAGOS UNIT 12H,13
711339,MIRO LAGOS UNIT 13H,13
711340,MIRO LAGOS UNIT 14H,13
711365,TRBP-RAILHEAD UNIT 1H,13
711372,HASLET HEIGHTS 8H,13
711376,BUZZY'S UNIT 2H,13
711379,BLACK RANCH NORTH-B C 2H,13
711382,BASPED UNIT B 2H,13
711388,BASPED UNIT B 3H,13
711389,BASPED UNIT B 4H,13
711390,BASPED UNIT B 5H,13
711392,LAKE PLACE A 3H,13
711394,TCU UNIT 4H,13
711395,SAU UNIT 2H,13
711396,SAU UNIT 3H,13
711397,TUCKER-CA 1H,13
711399,FLOWERS UNIT 2H,13
711400,BRANTS 6H,13
711402,TUCKER UNIT 2H,13
711405,SURBER UNIT CA 1H,13
711406,TXU-SFW UNIT 1H,13
711425,NEAL UNIT 2H,13
711426,NEAL UNIT 3H,13
711427,NEAL UNIT 4H,13
711428,ATWOOD B 1H,13
711429,ATWOOD C 1H,13
711445,RIDDLE C 2H,13
711446,HASLET HEIGHTS 6H,13
711447,HASLET HEIGHTS 7H,13
711448,FWIS 1H,13
711475,YARBOROUGH HENDRICK 1H,13
711490,TRWD II WEST B 2H,13
711507,EIDSON 01H,13
711574,SHOEBAR RANCH J 3H (do not use at this time),13
711575,BONHAM UNIT A 3H,13
711592,HOSLER UNIT 3H,13
711607,RYFFEL UNIT 1H,13
711624,QUANT 2H,13
711639,DILLARD 01H,13
711646,BEECHWOOD A 03H,13
711673,QUARRY UNIT B 04H,13
711674,QUARRY UNIT B 05H,13
711677,QUARRY UNIT B 06H,13
711678,QUARRY UNIT B 07H,13
711679,QUARRY UNIT B 08H,13
711680,QUARRY UNIT B 09H,13
711712,PATTERSON UNIT 1H,13
711713,CURRY UNIT 1H,13
711779,SANSOM PARK UNIT 1H,13
711781,SANSOM PARK UNIT 2H,13
711783,SANSOM PARK UNIT 4H,13
711785,SANSOM PARK UNIT 5H,13
711817,RILEY UNIT 2H,13
711832,BURNETT CARTER UNIT 3H,13
711880,ROOF 4H,13
711881,SDA B UNIT 2H,13
711882,SDA B UNIT 3H,13
711883,SDA C UNIT 2H,13
711885,RUSSELL NORTH UNIT 2H,13
711888,BARKSDALE A UNIT 4H,13
711889,BARKSDALE A UNIT 5H,13
711892,KUYKENDALL 1H,13
711894,EPRI 5H,13
711945,RAILHEAD 2H,13
711959,BEECHWOOD D 4H,13
711961,WILKERSON-OLSOVSKY UNIT A 1H,13
711964,"WARREN, TERRY 1H",13
711966,ELLIG C UNIT 3H,13
711969,MEACHAM A 1H,13
711989,WILLIAMS UNIT 1H,13
711994,TRWD-HW UNIT 04H,13
711995,TRWD-HEARNE UNIT 2H,13
712030,"CARTER, AMON G. UNIT 01 H",13
712031,"CARTER, AMON G. UNIT 02 H",13
712058,HOLT-HICKMAN UNIT 3H,13
712070,"GIBBS, THOMAS UNIT 2H",13
712077,MARINE CREEK G 3H,13
712078,HAYCO D UNIT 4H,13
712127,TRWD-MARSHALL UNIT 1H,13
712129,FREDDIE UNIT 1H,13
712138,MORRIS UNIT A 02H,13
712139,MORRIS UNIT A 03H,13
712149,TXU-EML UNIT A 2H,13
712150,TXU-EML UNIT A 3H,13
712158,TXU-EML UNIT B 1H,13
712159,TXU-EML UNIT B 2H,13
712162,RIDER FISH FARM 01H,13
712172,HOPKINS 01H,13
712199,BARBER W 6H,13
712217,STONE 01H,13
712237,SUPERIOR UNIT 3H,13
712241,INDIAN CREEK D 09H,13
712256,MOSITES UNIT  F 02H,13
712345,INDIAN CREEK D 10H,13
712346,INDIAN CREEK D 11H,13
712347,INDIAN CREEK D 12H,13
712349,LEYENDEKKER UNIT 01H,13
712350,SCHOUTEN 01H,13
712351,ROSEN 02H,13
712353,CAMPBELL 01V,13
712375,OWEN 05H,13
712376,OWEN 07H,13
712377,JOHNSON RANCH I 04H,13
712378,JOHNSON RANCH I 06H,13
712379,"MOORE, C V UNIT B 02H",13
712380,MORRIS-FOUST UNIT B 01H,13
712381,MORRIS-FOUST UNIT 4H,13
712399,LEWIS UNIT A 2H,13
712400,LEWIS UNIT A 3H,13
712455,JOHNSON-TXU UNIT G 4H,13
712456,JOHNSON-THR UNIT J 01H,13
712458,JOHNSON-THR UNIT J 03H,13
712459,JOHNSON-THR UNIT J 04H,13
712462,GUTHRIE UNIT 01H,13
712463,SIDES 01H,13
712464,APPLETON 01H,13
712465,PARRISH 01H,13
712492,"LOVE, DOROTHY B 1H",13
712531,Longhorn Compressor Station,13
712556,"CAMPBELL, C L 03H",13
712558,CURL 03H,13
712559,HASLET HEIGHTS 09H,13
712572,MORRIS-FOUST UNIT 05H,13
712577,SANSOM UNIT 04H,13
712578,SANSOM UNIT 05H,13
712579,SANSOM UNIT 06H,13
712580,SANSOM 07H,13
712583,SANSOM WEST UNIT 08H,13
712584,MARINE CREEK E 1H,13
712585,SANSOM WEST UNIT 09H,13
712586,SANSOM WEST UNIT 10H,13
712587,MARINE CREEK G 2H,13
712589,L&S LAND A 04H,13
712590,L&S LAND A 05H,13
712591,Ritchie A 1H,13
712592,RITCHIE A 02H,13
712593,RITCHIE A 03H,13
712594,MARINE CREEK G 1H,13
712599,BRATTEN RANCH G 01H,13
712601,RAFAEL UNIT B 1H,13
712635,BARKSDALE B UNIT 01H,13
712639,BONHAM UNIT B 03H,13
712640,HBB H W UNIT 05H,13
712648,HOBSON-MCCOY-YOUNG UNIT B 1H,13
712649,HOBSON-MCCOY-YOUNG UNIT B 2H,13
712651,OWEN 02H,13
712654,POYNOR UNIT B 02H,13
712655,POYNOR UNIT B 03H,13
712672,MANCUSO UNIT 01H,13
712673,SALUSKY UNIT 2H,13
712674,JACK UNIT B 02H,13
712691,INDIAN CREEK H 06H,13
712692,INDIAN CREEK H 07H,13
712694,INDIAN CREEK M 04H,13
712695,INDIAN CREEK M 05H,13
712700,CHANCE RESEARCH UNIT 1H,13
712714,KLASING 01V,13
712715,RIDDLE A 3H,13
712718,ORR UNIT A 01H,13
712799,HAYCO B UNIT 1H,13
712801,CITY OF FORT WORTH SOUTH UNIT 4H,13
712802,CITY OF FORT WORTH SOUTH UNIT 5H,13
712807,DOSS SOUTH 01H,13
712808,MORRIS-FOUST UNIT B 03H,13
712824,"PACE, J C 01H",13
712855,MILLER BREWING A UNIT 2H,13
712857,MILLER BREWING B UNIT 1H,13
712858,MILLER BREWING B UNIT 2H,13
712904,BISD A 01H,13
712905,WEAVER UNIT 01H,13
712924,INDIAN CREEK L 06,13
712932,TRWD II WEST E 2H,13
712960,LAKE PLACE A UNIT 04H,13
712962,BARKSDALE B UNIT 02H,13
712963,BARKSDALE B UNIT 03H,13
712964,BARKSDALE B UNIT 04H,13
712965,BARKSDALE B UNIT 05H,13
712980,LAKE PLACE A UNIT 05H,13
712981,SHOEBAR RANCH H 03H,13
712982,SHOEBAR RANCH H 02H,13
712983,SHOEBAR RANCH H 01H,13
712984,SHOEBAR RANCH J 01H,13
712985,BARNES TRUST UNIT 2H,13
712987,MORRIS-FOUST UNIT 06H,13
712988,WEAVER UNIT 02H,13
712989,WEAVER UNIT 03H,13
712991,BYRD D 02H,13
712992,JOHNSON RANCH I 05H,13
712993,JOHNSON-COOK G UNIT 05H,13
712998,HAVENER UNIT 03H,13
712999,HAVENER UNIT 04H,13
713010,INDIAN CREEK E 04H,13
713011,INDIAN CREEK A 05H,13
713012,INDIAN CREEK C 06H,13
713014,KASAL TRUST UNIT 6H,13
713015,FEDERAL C 03,13
713020,BRUMBAUGH 13H,13
713021,BRUMBAUGH 14H,13
713022,CARTER A 03H,13
713025,QUARRY A 01H,13
713026,QUARRY A 02H,13
713027,QUARRY A 03H,13
713028,CITCARP UNIT SOUTH 05H,13
713029,CITCARP UNIT NORTH 03H,13
713030,CITCARP UNIT NORTH 06H,13
713031,CITCARP UNIT NORTH 07H,13
713032,CITCARP UNIT SOUTH 04H,13
713035,TRWD UNIT A 02H,13
713078,HAMPTON B 1H,13
713087,"JACKSON, JERRY UNIT 02H",13
713108,MORRIS-FOUST UNIT B 02H,13
713109,"WHITE, MARY A 01H",13
713119,GIBBS UNIT 05H,13
713120,GIBBS UNIT 04H,13
713121,GIBBS UNIT 03H,13
713125,VINSON FEE B 02,13
713126,VINSON FEE C 03,13
713130,FLEET 01H,13
713131,DALTON BEST MAID 01H,13
713139,"RICHARDSON, SID C 05H",13
713140,"RICHARDSON, SID C 06H",13
713147,BRANTS 7H,13
713205,MADEWELL 01H,13
713207,USA TRUST 01H,13
713232,TXU-TRWD N UNIT 04H,13
713235,SMITH UNIT B 04H,13
713242,DORSEY 01H,13
713278,POCKRUS UNIT 01H,13
713280,STEWART UNIT 01H,13
713281,LUNT UNIT 01H,13
713303,KIMBROUGH-DUNLAP B 6H,13
713304,KIMBROUGH-DUNLAP B 8H,13
713329,LEWIS UNIT B 01H,13
713330,"BOONE, ALFORD UNIT 3H",13
713336,"BOONE, ALFORD UNIT 1H",13
713378,TRWD-MARSHALL UNIT 02H,13
713391,Comp-Risinger Facility,13
713393,DICKINSON 01H,13
713394,KIMBROUGH-DUNLAP B 07H,13
713404,RUDD 01H,13
713405,"Davis, J 01H",13
713410,"ROSE, W R 01H",13
713411,UMPHRESS UNIT 01H,13
713412,LEWIS UNIT B 02H,13
713413,LEWIS UNIT B 03H,13
713414,LEWIS UNIT C 01H,13
713422,BRENTLINGER UNIT B 04H,13
713425,TRWD UNIT E 01H,13
713435,VINSON FEE C 02,13
713476,BAILEY-FOWLER UNIT 02H,13
713477,SESSUM 01H,13
713479,HOWETH 01H,13
713480,BRATTEN RANCH G 02H,13
713481,MOUSER UNIT C 03H (MIXSON B 1H),13
713482,MOUSER UNIT C 05H,13
713483,SHIPMAN 01H,13
713509,TODD-VINSON 1,13
713511,WILDLIFE A UNIT 01H,13
713513,BEECHWOOD E 03H,13
713514,BEECHWOOD E 04H,13
713516,SEMONES MURPHY UNIT 2H,13
713521,BEECHWOOD C 02H,13
713522,BEECHWOOD C 03H,13
713538,ARTERBURN & CROW B 01H,13
713550,BARKSDALE UNIT B 06H,13
713564,BISD B 02H,13
713568,INDIAN CREEK M 06H,13
713606,BEECHWOOD B 02H,13
713662,HARPER-NEJ C 01BH,13
713684,TRWD B 03H,13
713695,BIRK UNIT A 01H,13
713706,FLORIES 01H,13
713726,TRWD II A UNIT D 01H,13
713745,PAC GROUP 01H,13
713746,BATTERY CRESSON RANCH,13
713749,BATTERY WALSH NORTH STAR,13
713775,CHRIST LEAGUE E UNIT 03H,13
713854,HEAD TRUST 01V,13
713855,WOLSKI 02H,13
713857,FINKE 01H,13
713871,KILLOUGH UNIT 01H,13
713878,FITTS 01,13
713879,BAILEY-FOWLER 01H,13
713901,ARTERBURN & CROW 02H,13
713903,YMCA UNIT B 03H,13
713904,CARTER B 5H,13
713922,MCCARLEY C 01H,13
713957,INDIAN CREEK C 10H,13
714015,HILLS OF BEAR CREEK A 1H,13
714029,REICHELT 01H,13
714030,BERG 01A,13
714031,BERG 02A,13
714032,FERGASON 01,13
714049,ROOF 01H,13
714102,WILLIS UNIT 04 H,13
714134,ASSEMBLY OF GOD UNIT 01H,13
714135,ASSEMBLY OF GOD UNIT 02H,13
714155,HUDDLESTON TRUST 4,13
714191,HUTCHENS 01H,13
714195,INDIAN CREEK H 08H,13
714197,SEETON-ROCHIN 05H,13
714205,"ATKINS, TH 01",13
714215,TROGDEN UNIT 01H,13
714217,CHRIST LEAGUE W UNIT 02H,13
714232,DEARING 01H,13
714297,BARHAM 01H,13
714343,BLM DENTON A 01H,13
714364,BRUMBAUGH UNIT 15H,13
714365,EPRI 6H,13
714366,EPRI 7H,13
714367,EPRI 8H,13
714368,ROSDAIL TRUST 01H,13
714422,WALSH RANCH WEST G 4H,13
714432,FORSTON-BURTON-KIRKLAND A 04H,13
714433,FORSTON-BURTON-KIRKLAND A 02H,13
714434,FORSTON-BURTON-KIRKLAND A 02H,13
714629,INDIAN CREEK G 08H,13
714630,INDIAN CREEK U 05H,13
714662,LAKE PLACE A 01H,13
714665,TXI A 01H (FKA: SFC 01H),13
714669,RYFFEL UNIT B 01H,13
714671,ARTERBURN & CROW B 04H,13
714672,ARTERBURN & CROW B 05H,13
714673,ARTERBURN & CROW B 06H,13
714674,ARTERBURN & CROW B 07H,13
714675,ARTERBURN & CROW B 08H,13
714677,ARTERBURN & CROW B 09H,13
714678,ARTERBURN & CROW B 10H,13
714679,ARTERBURN & CROW B 14H,13
714680,ARTERBURN & CROW B 02H,13
714681,ARTERBURN & CROW B 13H,13
714685,VINSON FEE G 20H,13
714709,ARTERBURN & CROW B 12H,13
714711,ARTERBURN & CROW B 11H,13
714713,ARTERBURN & CROW B 03H,13
714715,MCCUTCHIN UNIT 7H,13
714716,MCCUTCHIN UNIT 3H,13
714819,OAKMONT 01H,13
714821,BUNDOCK 01H,13
714822,"INCE, NAVA 01H",13
714862,RIVER BEND 01H,13
714890,HATCHER 01H,13
714941,INDIAN CREEK E 05H,13
714942,INDIAN CREEK E 06H,13
714943,INDIAN CREEK E 07H,13
714944,INDIAN CREEK U 06H,13
714945,INDIAN CREEK U 07H,13
714946,INDIAN CREEK U 08H,13
715002,HARPER CATTLE C 07H,13
715005,L&S LAND C 03H/ M SANSOM UNIT,13
715057,Blue Sky 3H,13
715059,ANNETTA UNIT A 1H,13
715061,Ok Corral B 1H,13
715085,Boatwright 1H,13
715100,DEARING 02H,13
715123,TODD UNIT B 02H,13
715124,TODD UNIT B 03H,13
715125,TODD UNIT B 01H,13
715140,HARPER CATTLE C 03H,13
715141,CITY OF FORT WORTH SOUTH UNIT 02H,13
715149,TRIGG CW BEATIS 04H,13
715153,TIMBER CREEK UNIT 01H,13
715190,SHIPMAN B 03H,13
715208,SIDDONS 01H,13
715239,"RICHARDSON, SAMMONS 01H",13
715240,CARTER WEST B UNIT 07 H,13
715403,TIMBERVIEW A UNIT 05H,13
715413,BEECHWOOD E 05H,13
715415,BEECHWOOD E 06H,13
715427,INDIAN CREEK G 09H,13
715428,INDIAN CREEK I 10H,13
715429,INDIAN CREEK I 11H,13
715459,DOLEN UNIT 01H,13
715460,DOLEN UNIT 02H,13
715461,DOLEN UNIT 03H,13
715469,TRWD H 2H,13
715473,BBC-TRWD UNIT 01H,13
715487,ASSEMBLY OF GOD UNIT 03H,13
715508,"JACKSON, JERRY UNIT B 01H",13
715509,"JACKSON, JERRY UNIT B 02H",13
715514,QUANT 03H,13
715534,"FOX, TONEY TAN 01H",13
715535,BARONE 01H,13
715536,DEAS 01H,13
715646,GOLDEN TRIANGLE F 6H,13
715647,CLEVELAND A 2,13
715651,HOLYBEE B UNIT 01H,13
715663,LIBERTY CHAPEL UNIT 01H,13
715664,MILLER CREEK UNIT 04H,13
715665,"LEECH, BUNNY UNIT 05H",13
715667,WATERS UNIT 01H,13
715668,JACOBS BRANCH SOUTH UNIT 01,13
715672,COPPER CAR 01H,13
715700,MANNING-TRWD UNIT 05H,13
715710,FINCHER-RAMBO B 01H,13
715722,USA TRUST B 01H,13
715732,WOODARD A 01V,13
715760,LONGHORN UNIT A 01H,13
715783,SHIPMAN A 02H,13
715799,BBC-TRWD UNIT 02H,13
716030,BALLARD UNIT 01H,13
716031,LUKER UNIT 01H,13
716032,TRWD III J 01H,13
716033,QUICKSHOT 1H,13
716034,"DOSS, NORTH 1H",13
716035,MANNING-TRWD UNIT B 02H,13
716039,WALSH CRESSON RANCH A 2H,13
716040,"ROE, MAUDIE WALSH A 4H",13
716083,BRATTEN RANCH F 02H,13
716086,DIXON UNIT A 01H,13
716120,HASLET HEIGHTS 4H,13
716140,TRIGG CW BEATIS 03H,13
716142,TRIGG CW BEATIS 01H,13
716147,CUTWING PARACHUTE EMERGER 01H,13
716148,CUTWING PARACHUTE EMERGER 02H,13
716149,CUTWING PARACHUTE EMERGER 03H,13
716150,CUTWING PARACHUTE HOPPER 01H,13
716151,CUTWING PARACHUTE CADDIS 02H,13
716154,BEADHEAD BEET 02H,13
716173,CREAMER UNIT 01H,13
716176,MANNING-TRWD D UNIT 04H,13
716204,BONHAM UNIT C 03H,13
716215,GRAHAM UNIT 01H,13
716222,THUNDERBIRD-TURNER 01H,13
716254,ROSE HILL UNIT 01H,13
716255,FREIGHT TRAIN UNIT 01H,13
716320,STADE-TRWD UNIT 01H,13
716324,LEDBETTER UNIT  B 01H,13
716325,POCKRUS UNIT 02H,13
716337,INDIAN CREEK L 10H,13
716338,INDIAN CREEK C 11H,13
716344,MATHIS COAL CAR 01H,13
716357,PARKER 01H,13
716384,FLOWER MOUND 01H,13
716385,RED HOT 01H,13
716387,"ROE, MAUDIE WALSH A 1V",13
716388,HIGH VIEW ESTATES A 02H,13
716392,EDWARDS RANCH B UNIT 02H,13
716393,EDWARDS RANCH A UNIT 01H,13
716394,EULESS A UNIT 01H,13
716423,"RICHARDSON, SID A 02H",13
716424,"JOHNSON, SKEETER UNIT 01H",13
716502,CORLEY A1H,13
716503,TRWD M 02H,13
716506,HOBSON-MCCOY-YOUNG UNIT 01H,13
716517,ROYAL COLLEGIATE CADDIS 03H,13
716536,GRIFFITH B 01H,13
716539,MANNING-TRWD C UNIT 03H,13
716551,COW PASTURE UNIT 2H,13
716596,AZLE TRWD UNIT 01H,13
716613,CARTER NE UNIT B 08H,13
716633,MANSFIELD SPORTS COMPLEX 01H,13
716667,INDIAN CREEK L 09H,13
716680,TRWD III J 03H,13
716728,INDIAN CREEK E 08H,13
716729,BASPED UNIT A 02H,13
716782,BONHAM UNIT C 01H,13
716857,LATHAM TRWD WEST UNIT 02H,13
716892,WILLIS UNIT 3H,13
716925,J. W. ARLINGTON 01H,13
716930,TRWD M 03H,13
716931,HARPER NEJ EAST C 03AH,13
716983,HARPER NEJ WEST B 03BH,13
716984,INDIAN CREEK H 4H,13
716985,INDIAN CREEK L 03H,13
717052,KIMBROUGH-DUNLAP 01,13
717055,KIMBROUGH-DUNLAP 04,13
717065,TRWD-WILDLIFE UNIT C 01H,13
717066,TRWD-WILDLIFE UNIT D 01H,13
717075,PURSELLEY UNIT 01H,13
717078,INDIAN CREEK L 07H,13
717084,WHITE A 01H,13
717098,MATHIS COAL CAR 02H,13
717141,WALKER-BRUMMETT 01H,13
717155,COPPER CAR 02H,13
717156,COPPER CAR 03H,13
717157,FLASHBACK 01H,13
717158,FLASHBACK 02H,13
717240,SWD-WESTERN LAKE,13
717253,CASON HOLLOW UNIT 02H,13
717254,WEATHERFORD TOWNSITE UNIT 01H,13
717356,LEGACY E 01H,13
717357,LEGACY A 01H,13
717374,TRWD UNIT I 02H,13
717376,WEAVER UNIT 04H,13
717377,SEETON-ROCHIN 01H,13
717378,PACIFIC UNIT B 01H,13
717385,PAD SITE FOR AFE 712824,13
800003,COW PASTURE 01H,13
800015,BRENTLINGER UNIT B 01H,13
800028,PARKVIEW ESTATES 2H,13
800044,CUTWING PARACHUTE EMERGER 01H,13
800045,CUTWING PARACHUTE EMERGER 02H,13
800046,CUTWING PARACHUTE EMERGER 03H,13
800102,ARANGO UNIT 01H,13
800141,ATKINS 01H,13
800210,HEARNE WHITTENTON UNIT 04H,13
800211,TRWD UNIT I 01H,13
800214,MILNER A 01H,13
800225,WEW UNIT 01H,13
800230,WALSH RANCH WEST Q 2H,13
800272,HAMPTON A 02H,13
800321,KELLER UNIT 01H,13
800322,INDIAN CREEK S 02H,13
800323,BASPED UNIT A 11H,13
800340,CREAMER UNIT 02H,13
800341,CREAMER UNIT 03H,13
800357,ANTHONY 01H,13
800358,HARPER CATTLE H 01CH,13
800360,HARPER CATTLE B 03AH,13
800361,HARPER CATTLE G 05CH,13
800411,INDIAN CREEK S 03H,13
800446,FRENCH ROAST 01H,13
800447,FRENCH ROAST 02H,13
800454,CAMPBELL UNIT 01H,13
800496,PEARCE UNIT 03H,13
800502,WALSH RANCH WEST J 01H,13
800504,TEXAS STEEL A UNIT 01H,13
800505,PRIME RAIL UNIT 03H,13
800506,PRIME RAIL UNIT 04H,13
800507,VANCE UNIT 02H,13
800522,OGLETREE UNIT 01H,13
800535,ROSE HILL UNIT 02H,13
800536,LEDBETTER UNIT  B 02H,13
800541,HODGE 02H,13
800542,VANCE UNIT 03H,13
800543,VANCE UNIT 04H,13
800544,HARRELL UNIT A 01H,13
800545,MCGUFFIN UNIT B 01H,13
800546,FULLER FAMILY UNIT 01H,13
800547,SONNTAG UNIT 01H,13
800548,TRWD-MARINE QUEST UNIT 01H,13
800549,FIRST BAPTIST CHURCH UNIT 01H,13
800550,COULSTING UNIT 01H,13
800564,"MITCHELL, JOE 1H",13
800565,"BROOKSHIRE, BOBBY G 1H",13
800605,"FINCHER, CD B 01H",13
800647,HARPER CATTLE C 08H,13
800660,COPELAND D 01H,13
800663,"NIX, TH 03",13
800664,WARREN UNIT 03H,13
800675,CRUMBIE A 02H,13
800714,INDIAN CREEK H 5H,13
800717,HOPKINS PETRIE UNIT 04H,13
800760,WARREN UNIT 04H,13
800761,WARREN UNIT 05H,13
800773,TRWD G 01H,13
800776,TRWD G 03H,13
800805,TODD UNIT B 04H,13
800823,PURPLE CHENILLE MIDGE 01,13
800825,RENEGADE CHENILLE 01H,13
800918,MILNE CARROLL A2H,13
800909,Peggy 1H,13
801034,LEWIS C2H,13
801069,CE OWENS 1H,13
801260,Kluge 2H,13
801329,Indian Creek G10H,13
801310,Polk Sally Anna Unit,13
801330,Indian Creek C12H,13
801331,Indian Creek B 5H,13
801332,Indian Creek B 8H,13
801343,Rafael Unit B2H,13
801414,Duncan B5H,13
801451,Latham TRWD Unit 3H,13
801452,TXU N Unit 12H,13
801568,Ballard Unit 3H,13
801570,Indian Creek J5H,13
801571,Indian Creek J6H,13
801572,Indian Creek J7H,13
XTO,Input project in AP field in LMExpence,13
505951,MOORE PIPELINE,14
506118,YANCEY - STEPHENS - RENDON PIPELINE,14
506248,PIPELINE-HARPER CATTLE,14
506321,Indian Creek B 5H,14
506373,BURSEY - PUFF PIPEINE,14
506374,ATWOOD PIPELINE,14
506376,CLAYTON 1-H PIPELINE,14
507110,MORRIS FOWLER PIPELINE,14
507652,Walsh Ranch West Facility,14
507661,Risinger Property,14
507905,PEARCE-PACIFIC PIPELINE,14
507906,YANCEY PIPELINE,14
507909,SDA PIPELINE,14
507915,HADLEY LATERAL,14
507917,BURKHALTER LATERAL PIPELINE,14
507923,HICKMAN LATERAL,14
507924,LILLIAN GATHERING SYS,14
507925,Alford Boone 1H Pipeline,14
507934,DOSS SOUTH TRUNKLINE,14
508033,YMCA PIPELINE,14
508034,TRWD Station Discharge,14
508102,Harper C 2 Pipeline,14
508218,WINN DIXIE PIPELINE,14
600038,Parr C,14
600040,Litografia,14
600041,BEAN PIPELINE,14
600064,Midpoint Slug Catcher,14
600066,Eaglemountain Slug Catcher,14
600257,Railhead Filter/Seperator,14
600329,Saginaw Properties,14
600370,OGLETREE PIPELINE,14
600371,JIMENEZ PIPELINE,14
600400,BERTHA STEPHENS BURY,14
600401,BARBER PIPELINE SYS,14
600448,HARPER B5 PIPELINE,14
600451,Turner 1H Pipeline,14
600502,PANAGOPOLOUS PIPELINE,14
600540,Risinger Loop Line,14
600542,Saginaw Facility,14
600596,Risinger Moisture Analyzer,14
600597,Dido Moisture Analyzer,14
600598,Eaglemountain Moisture Analyzer,14
600599,Boswell Moisture Analyzer,14
600601,JOE POOL  PIPLINE,14
600602,Walking T Moisture Analyzer,14
600719,WILEY 3H-7H PIPELINE,14
600722,ARTERBURN CROW LAT,14
600723,C.V. MOORE PIPELINE,14
600724,Holt Hickman,14
600783,ALEDO FARMS PIPELINE,14
600798,Knapp Surber Pipeline,14
600879,Marine Creek Pipeline,14
601118,WHITEHEAD-STEPHENS LAT,14
601123,JIMENEZ PIPELINE,14
601124,HOBDY PIPELINE,14
601126,CRUMBIE PIPELINE,14
601173,Risinger Temporary Expansion,14
601229,UNION PACIFIC-CONTI P/L,14
601232,Lee Murcheson Compressor Change Out,14
601249,DON D. MARTIN-LOVE P/L,14
601253,CLAYTON 1-H PIPELINE,14
601254,HARRISION N 1-H PIPELINE,14
652117,STOCK EQUIPMENT,14
652184,JOHNSON RNCH GATH SYS,14
652313,HARPER C-3 PIPELINE,14
652314,JET GUNS PIPELINE,14
652322,FREDDIE PIPELINE,14
652497,TALLMAN PIPELINE,14
652543,HILLS OF BEAR CREEK P/L,14
652547,WICKIZER-DOSS PIPELINE,14
652596,Sullivan 3rd Party,14
652707,POYNER-WEATHERBY T/L,14
652708,Risinger Trunkline,14
652781,OAGLETREE-RENDON T/L,14
652879,LOWERY-LOVE PIPELINE,14
652880,ESTES LATERAL,14
652881,WALLS COLEMAN LATERAL,14
652886,KING- ELLIS PIPELINE,14
652925,WILLIAMS-YANDELL LATERAL,14
652932,ELLIS A LATERAL,14
652936,CLARY-MIDKIFF LATERAL,14
652939,CANYON WEST LATERAL,14
652941,MANOR-BYRD LATERAL,14
652952,Williams Yandell Pipeline,14
652977,BURNETT-CARTER P/L,14
653034,HOSLER TO MOORE P/L,14
653044,FORSTEN BURTON P/L,14
653064,TRWD Hot Oil Heater Repair,14
653168,SDA BURLESON PIPELINE,14
653172,HARPER B12 PIPELINE,14
653175,TRWD WAREHOUSE,14
653242,Doss Compressor Station,14
653463,EAGLE MOUNTAIN AMINE-OVERHAUL,14
653761,DOYLE 1-H PIPELINE,14
653959,BERGMAN LATERAL,14
653969,HIGH VIEW ESTATES P/L,14
654060,Midpoint Modifications (Filter Sep),14
654320,HARPER C8H PIPELINE,14
654329,TRWD Heat Trace and Light,14
654360,FEAGIN LATERAL,14
654367,Prisido West Line Lower,14
654441,RUSSELL NORTH 1H PIPELINE,14
654636,BEECHWOOD SALES SCRUBBER,14
654659,CARTER B PAD WETSTREAM,14
654757,SEMONE MURPHY LAT,14
654761,GAFFORD PIPELINE,14
654762,TRUETT THOMAS PIPELINE,14
654767,DOLLAR BOOTH LATERAL,14
654768,RUSSELL 1H PIPELINE,14
654769,RUSSELL 3H PIPELINE,14
654770,VANCE LATERAL,14
654772,CRISP PIPELINE,14
705431,Bonham C3H Pipeline,14
710096,MOSITES F PIPELINE,14
710104,Venus Compressor Station,14
710194,VARIOUS,14
710233,ARTERBURN CROW LAT,14
710234,VARIOUS,14
710235,RENDON DISCHARGE LINE,14
710237,BOSQUE GATHERING SYS,14
710239,Cotton Cove Compressor,14
710257,MILNE CARROLL A 1-H LAT,14
710258,KEYSTONE GATHERING SYSTEM,14
710265,VS ANDERSON RAFAEL LAT,14
710516,HARPER NEJ D 1-BH,14
710517,BETTY WILLIAMS 1-H LAT,14
710575,SOWELL TO HOBDY PIPELINE,14
710576,FLOWERS PIPELINE,14
710603,R.P. STEPHENS PIPELINE,14
710775,BARBER 4H,14
710780,Phil Bradbury Temp Comp,14
710970,LARKIN 1H TRUNKLINE,14
711074,TRWD Cooler Fan Actuators,14
711108,West Lake Cooler Fan Actuators,14
711109,Risigner Cooler Fan Actuators,14
711112,Rendon Cooler Fan Actuators,14
711113,Lillian Cooler Fan Actuators,14
711216,MERREL (LEWIS) PIPELINE,14
711226,Lewis C1 H,14
711233,WILL KARI PIPELINE,14
711235,JACKSON JERRY PIPELINE,14
711487,TRWD Heat Exchanger and VFDs,14
711609,HOOPER A 1-H TIE IN,14
711615,BASPED - ROSE PIPELINE,14
711616,MILLER BREWING PIPELINE,14
711771,AZLE TRUNKLINE,14
711801,GIBBS PIPELINE,14
711936,STONE TO BRENTLINGER P/L,14
711937,Godley Yard Improvements,14
711944,Purchase Bulk Pipeline Markers,14
711996,Haslett Loop,14
711998,Eagle Mountain,14
712033,Cresson Ranch Gathering,14
712198,MCDANIEL P/L,14
712207,TRWD COMPRESSOR STATION,14
712221,WEST LAKE COMPRESSOR STATION,14
712268,CARRIZO-CAMPUZANO WELL CONNECT,14
712703,MEC Shores Re-Route,14
712756,OWEN PIPELINE,14
712757,RILEY PIPELINE,14
712759,ATWOOD A PIPELINE,14
712761,SAU PIPELINE,14
712763,MORRIS FOUST B LATERAL,14
712976,Rendon Compressor Phase II,14
713019,Fac-cotton Cove,14
713049,Comp-Walsh Ranch West Facility,14
713080,Vinewood Aspect,14
713230,Emergency Generator Project,14
713301,Llano - Cook / Franklin Tap,14
713307,HS Tubbs #1 Tap,14
713532,Cotton Baily Trunkline,14
713667,SHIPMAN PIPELINE,14
713668,SESSUM PIPELINE,14
713669,Gaddy Pipeline,14
713670,CROSSROADS-HAMPTON,14
713671,PACE PIPELINE,14
713742,RAFAEL TO MILNE CARROLL,14
713744,HADLEY B3H PIPELINE,14
713761,Pace Pipeline,14
713767,Risinger Office Design,14
713771,TRWD Storm Shelter,14
713778,ASSMBLY OF GOD TO GIBBS P/L,14
713783,KIMBROUGH B PAD PIPELINE,14
713784,RUTH TURNER PIPELINE,14
713785,WILLIAM SHULTZ PIPELINE,14
713787,BARNES TRUST 1H,14
713935,HRS-Jimenez,14
714889,Sullivan Cornum 1H,14
715276,TODD B PIPELINE,14
715281,SMITH EXTENSION,14
715336,DON ABBOTT PIPELINE,14
715338,LEDBETTER TRUNKLINE,14
715339,ARMSTONG TRWD PIPELINE,14
715438,CRAWFORD GATH SYSTEM,14
715638,Walsh Ranch Cooler VFDs,14
715689,Lokey 1H Dehydrator,14
716462,TXI PIPELINE,14
716671,Phil Bradbury Demolition,14
716673,GRAHAM PIPELINE,14
716853,HRS Wilshire - High View Estates,14
716978,"NIGHT TRAIN 24"" TRUNKLINE",14
716998,FAT BOY TRUNKLINE,14
717330,RIDDLES,14
800319,HOWETH TRUNKLINE,14
800537,DIXON PIPELINE,14
800720,MURRAY WHITEHEAD 1H,14
801371,BUNDOCK LATERAL,14
801382,HATCHER LATERAL,14
801505,AZLE TRWD 1H PIPELINE,14
801655,HORSESHOE HILLS TRUNKLINE,14
820207,Allien A 21-27 Supplement 1,16
31413267,English #12,16
70413338,Albertson Unit #3H,16
70419013,2007 New Manning Prospect,16
704110166,Hendrix (John) Acquisition,16
704110213,Penske Acquisition,16
704110322,Turner Ranch Surface Acquisition,16
704110392,Mereken Acqusition(Carter Ind Park Exp),16
704120170,Simms #2H,16
704120194,Moore #1H,16
704120286,Josephine 38 #1,16
704120376,Moore #2H,16
704120430,WCR #1H (formerly Whiskey Canyon #1H),16
704130001,Grigsby 11-12,16
704130002,Edmondson A #25-30,16
704130003,Curry 17 #3,16
704130009,Greenwood #26,16
704130010,Greenwood #27,16
704130011,Grizzell #6,16
704130015,Penrose Federal #6,16
704130020,BSMC Merritt 1 R,16
704130022,Fairway #2H,16
704130026,Floyd Walker 1H,16
704130027,Boswell 1H,16
704130028,Schmitz 1H,16
704130029,Turkey Creek #3H,16
704130030,State C #2,16
704130031,WFMU #569,16
704130032,WFMU #576,16
704130033,WFMU #580,16
704130034,WFMU #574,16
704130035,WFMU #567,16
704130036,WFMU #560,16
704130037,WFMU #506,16
704130038,WFMU #563,16
704130039,WFMU #417,16
704130040,WFMU #577,16
704130041,WFMU #582,16
704130042,NEFMU #136,16
704130043,WFMU #507,16
704130044,WFMU #416,16
704130045,WFMU #519,16
704130046,WFMU #526,16
704130047,WFMU #537,16
704130048,WFMU #536,16
704130049,WFMU #547,16
704130050,WFMU #555,16
704130051,WFMU #557,16
704130052,WFMU #398,16
704130053,WFMU #405,16
704130054,WFMU #360,16
704130055,WFMU #412,16
704130056,WFMU #414,16
704130057,WFMU #505,16
704130058,WFMU #510,16
704130059,WFMU #413,16
704130060,WFMU #512,16
704130078,WFMU #415,16
704130079,Green Bay 2H,16
704130084,New Mexico M State #57,16
704130086,Laxton-Morris Unit #1H,16
704130089,Turkey Creek #4H,16
704130090,Turkey Creek #5H,16
704130091,Turkey Creek #6H,16
704130092,Turkey Creek #7H,16
704130099,Segerstrom #3H,16
704130100,Mitchell Ranch #23H,16
704130101,Mitchell Ranch #24H,16
704130102,Mitchell Ranch #25H,16
704130109,Belle Red Oak 2-H,16
704130121,Tarantula 3 Federal #4,16
704130127,Davis 31#2,16
704130128,Davis 30#3,16
704130129,Weaver #3-H,16
704130131,Ashley-Morrow 2H,16
704130132,Chamberlain-Elder 2H,16
704130133,HS Turner 10,16
704130138,Mitchell Ranch 7H,16
704130139,Mitchell Ranch 8H,16
704130140,Mitchell Ranch 9H,16
704130141,Mitchell Ranch 10H,16
704130142,Mitchell Ranch 11H,16
704130143,Mitchell Ranch 27H,16
704130145,Parks #2-H,16
704130149,Tucker Campbell #2-H,16
704130150,Tucker Campbell #3-H,16
704130152,Simms #5,16
704130153,Simms #6,16
704130161,Christmas 28 #2,16
704130162,Woodburn Unit #1,16
704130163,Rosemary Rogers Unit #1,16
704130168,Wild-Smith #1,16
704130185,Carter Alcon #2-H,16
704130186,Carter Alcon #3-H,16
704130187,Bartlett #1-H,16
704130188,Montanero #1-H,16
704130197,Albertsons #1H,16
704130198,Lisle #1H,16
704130199,Elliott B Federal #18,16
704130200,City of Denton Airport #4H,16
704130201,Edmondson A 26-29,16
704130203,Dunn Daughtery #3-H,16
704130204,Dunn Daughtery #2-H,16
704130206,Glass #16-7,16
704130207,Rice #1,16
704130208,Phillips Lake #1,16
704130211,Weaver 4H,16
704130214,Edmondson A 27-32,16
704130215,Carl Flores #2-H,16
704130218,BJ #2,16
704130221,Mitchell Ranch #12-H,16
704130222,Mitchell Ranch #14-H,16
704130223,Mitchell Ranch #15-H,16
704130224,Mereken #3-H,16
704130225,Mereken #4-H,16
704130227,WFMU #586,16
704130230,WFMU #508,16
704130231,WFMU #520,16
704130232,WFMU #518,16
704130235,WFMU #523,16
704130242,WFMU #517,16
704130243,WFMU #522,16
704130245,WFMU #546,16
704130247,WFMU #540,16
704130248,WFMU #542,16
704130249,WFMU #538,16
704130250,WFMU #545,16
704130257,Mitchell Ranch #42H,16
704130258,Wardlay #2-H,16
704130262,Mitchell Ranch #16-H,16
704130263,Mitchell Ranch #17-H,16
704130264,Mitchell Ranch #28-H,16
704130276,Green #1H,16
704130277,Campbell #1H,16
704130278,Campbell #2H,16
704130279,Clark #1H,16
704130280,Clark #2H,16
704130281,Kring #1H,16
704130282,Merrit #1H,16
704130283,Nolan #1H,16
704130284,Terrell #1H,16
704130287,Elliott B Federal #19,16
704130288,May Advertising #1,16
704130289,May Advertising #2,16
704130291,Richardson Unit #2H,16
704130292,East Richardson Unit #1-H,16
704130319,Laxton Unit #2H,16
704130320,Boswell #2H,16
704130321,Jackson Deaver #2H,16
704130324,Robinson-Moniz #2H,16
704130325,Robinson-Moniz #3H,16
704130333,Winwood #3H,16
704130335,Schmitz #2-H,16
704130336,Chamberlain-Elder 3H,16
704130337,Albertson Unit #2H,16
704130338,Albertson Unit #3H,16
704130339,WCR #1H (formerly Whiskey Canyon #1H),16
704130347,East Richardson Unit #1-H,16
704130348,Federal 1-17 #2,16
704130353,Mitchell Ranch #39-H,16
704130363,Boswell #3H,16
704130368,Kofford #2-H,16
704130371,Edmondson A #28-29,16
704130376,Moore #2H,16
704130379,Defee Creamer #2H,16
704130382,Reynolds #1,16
704130387,Cravens #1,16
704130397,Lisle #2H,16
704130398,Richardson A Unit 1H,16
704130403,Chamberlain-Elder 4H,16
704130414,Mitchell Ranch #31H,16
704130415,Mitchell Ranch #32H,16
704130417,State C-17 #1,16
704130433,Mitchell Ranch #33H,16
704130439,Albertsons Unit #4H,16
704130440,Albertsons Unit #5H,16
704150167,PERC software for all of Permian Basin,16
704160077,WFMU Facility AFE,16
704160256,WFMU Facilities,16
704160290,SCB 5B Water Pipeline,16
704170018,WFMU #60,16
704170023,Roy Miller #2,16
704170154,CNF 19772 #1A,16
704170155,CNF 19772 #9,16
704170156,CNF 19772 #10,16
704170157,Federal 19772 #7,16
704170158,Troutman #2,16
704170171,Federal 19772 #8,16
704170202,Nelms Kelly #2,16
704170326,BLK 10 FMU #407,16
704170328,BLK 10 FMU #508,16
704170329,BLK 10 FMU #607,16
704170330,BLK 10 FMU #706,16
704170331,BLK 10 FMU #806,16
704170332,NEFMU #78,16
704170343,Glass 29-5,16
704170344,Mahaffey 1-1,16
704170345,Terry 31-1,16
704170346,Price 18-1,16
704170350,Foster L. 9-4,16
704170351,Seven Knolls #H,16
704170370,BLK 10 FMU #707,16
704170450,Ketchum #1H,16
704190068,2007 East Azle Prospect,16
704190069,2007 Mitchell Ranch Prospect,16
704190073,2007 South Tarrant Prospect,16
704190076,2007 Palo Pinto (Grande) Prospect,16
704190080,2007 Ellis & Hill Co Prospect,16
704190085,Encana Hill Co. Acquisition,16
704190111,2007 Rhino Prospect,16
704190112,2007 Leona Prospect,16
704190114,2007 West Madisonville Prospect,16
704190115,2007 Walrus Prospect,16
704190116,2007 Garfield Prospect,16
704190117,2007 WFMU Offset Prospect,16
704190118,2007 Tokio Prospect,16
704190119,2007 Edmondson Prospect,16
704190120,2007 Land Holding AFE,16
704190124,"Washington Co., TX Prospect",16
704190126,E TX Cotton Valley Horiz Proposal,16
704190137,Johnson/Ellis 296 Acres,16
704190146,2007 Salt Draw Prospect,16
704190172,2007 Future Barnett Shale Prospect,16
704190173,2007 Azle/SW Azle Prospect,16
704190174,2007 Bosque/Hamiltion/Erath Prospect,16
704190175,2007 Carter Industrial Park Prospect,16
704190176,2007 CIP Expansion Prospect,16
704190177,2007 Denton Prospect,16
704190178,2007 West & South Parker Prospect,16
704190179,2007 Reno Prospect,16
704190180,2007 South Johnson Prospect,16
704190181,2007 Venus Prospect,16
704190182,2007 Wise/ Jack/ Palo Pinto Prospect,16
704190184,E TX Cotton Valley Horiz Proposal,16
704190295,2007 Bailey Offset Prospect,16
704190296,2007 Bull Hollow Prospect,16
704190297,2007 Davis Balch Prospect,16
704190316,Lake Como Prospect,16
704190361,Cohort Energy Prospect,16
704190419,Bluff Springs Prospect,16
704200006,Glass G 3-14,16
704200012,Glass 17-24,16
704200016,Glass G 7-14,16
704200017,Grizzell A #3,16
704200019,Glass G 20-14,16
704200024,Glass G 6-14,16
704200025,Glass 11-24,16
704200088,Glass 12-24,16
704200094,Glass A 5-13,16
704200097,Greenwood #29,16
704200098,Brunson 19-2,16
704200122,Tarantula 3 Federal #2,16
704200130,Glass A 3-13,16
704200134,John Winston #1-H,16
704200144,Adobe State #4,16
704200148,Glass E 6-36,16
704200151,Glass B 2-22,16
704200160,Flint #2-24,16
704200189,Cole State 7,16
704200190,Christmas 28 #1,16
704200193,Hildebrand #105-9,16
704200196,New Mexico M State #53,16
704200212,Ferguson Bros. 34-15,16
704200216,Hildebrand #114-4,16
704200217,New Mexico M State #52,16
704200266,Glass J 7-26,16
704200267,Ferguson Bros. 34-02,16
704200268,Powell 20 #3,16
704200271,Vanderstucken A-6,16
704200275,Glass A 9-13,16
704200285,Edmondson A 23-20,16
704200314,Allein 'A' 40-28,16
704200315,Hildebrand 66-26,16
704200327,Eva Blinebry #2,16
704200334,Federal #3,16
704200340,Wallace 68-3,16
704200341,WFMU #547 LOE,16
704200358,Westbrook #8-7,16
704200360,Brunson #5,16
704200362,HS Turner #6,16
704200364,Simmons #4,16
704200365,Downes #5,16
704200385,Allein A 40-28,16
704200389,Caldwell #8-1,16
704200395,Allein A 35-34,16
704200399,Hildebrand 110-03,16
704200411,Cox #1,16
704200435,Caldwell #8-1,16
704220081,L Foster 8-7,16
704220087,WFMU #112,16
704220108,Kille Unit #1,16
704220169,Elliott  B Federal #14,16
704220191,Federal 2-17 #4,16
704220269,Davis 70-2,16
704220270,Davis 70-1,16
704220313,Federal 19772 #5,16
704220317,WFMU #123,16
704220342,WFMU #569 LOE,16
704220384,Powell 11F #1,16
704220390,WFMU #508,16
704220391,WFMU #146,16
704220396,WFMU #148,16
704220400,WFMU #153,16
704220407,WFMU #135,16
704220416,Tarantula 3 Federal 2,16
704220418,Section 23 WF Area Pump-Off Controllers,16
704230093,SCB 23 Gas Gathering System,16
704230103,"Cromer #1-H 4"" pipeline EAOC",16
704230104,"Scrimshire 1H 3"" pipeline EAOC",16
704230259,"Moore 12"" Pipeline",16
704230413,Simms #2H Pipeline,16
704510004,Grizzell A #2,16
704510005,Elliott B Federal #10,16
704510007,WFMU #193W,16
704510008,WFMU #187W,16
704510013,WFMU #332,16
704510014,NEFMU Battery 15,16
704510021,WFMU #75 LOE,16
704510095,RGA #3,16
704510096,WFMU Central Battery,16
704510105,WFMU #188 LOE,16
704510106,WFMU #189 LOE,16
704510107,WFMU #194 LOE,16
704510123,Voelkel 1H,16
704510135,WFMU #265,16
704510147,New Mexico M State #54,16
704510159,Davis 70-2,16
704510195,WFMU #75,16
704510209,Federal 19772 Lease SD System,16
704510210,Engine on Compressor #6,16
704510219,HS Turner Battery,16
704510220,WFMU #314 LOE,16
704510260,Grigsby M. 11-6,16
704510261,State B Lease,16
704510272,WFMU #126 LOE,16
704510273,WFMU #250 LOE,16
704510274,WFMU #113 LOE,16
704510293,WFMU #58 LOE,16
704510294,Simmons Battery LOE,16
704510298,Still Unit #2 LOE,16
704510299,Ferguson #1-3 LOE,16
704510300,Still Unit #4 LOE,16
704510301,Prince GU #1-3 LOE,16
704510302,Ferguson #1-2 LOE,16
704510303,Still Unit #2 LOE,16
704510304,Terrell #1 LOE,16
704510305,Ferguson #2-2 LOE,16
704510306,Prince GU #1-4 LOE,16
704510307,Still Unit #6 LOE,16
704510308,Jenkins #4 LOE,16
704510309,Jenkins #6 LOE,16
704510310,Beckville #2 LOE,16
704510311,McJimsey #1 LOE,16
704510312,McJimsey #5 LOE,16
704510323,Grant 1H LOE,16
704510335,Fletcher #1H LOE,16
704510349,WFMU #107 LOE,16
704510352,Sears-Scarborough #1H LOE,16
704510354,City of Denton Airport #2H LOE,16
704510355,Fletcher #1H LOE,16
704510356,City of Denton Airport #1H LOE,16
704510359,HS Turner #8,16
704510366,Wallace 66-1 (SWD),16
704510367,Francis Hill 66-2,16
704510369,WFMU #254 LOE,16
704510372,Christmas 28 #1,16
704510373,Elliott B Federal #10,16
704510374,Tarantula 3 Federal #2,16
704510377,WFMU #191 LOE,16
704510378,SCB 23-12,16
704510380,WFMU #190 LOE,16
704510381,Wallace 24-6,16
704510386,Ferguson 2-2,16
704510394,SCB 23-12,16
704510401,WFMU #161 LOE,16
704510402,WFMU #563 LOE,16
704510405,Adobe State #4,16
704510406,Dunway 5,16
704510408,Tarantula 3 Federal #4,16
704510409,WFMU #281 LOE,16
704510412,SCB 3-B,16
704510420,Elliott Federal #2,16
704510421,Hillger B #1,16
704510422,NEFMU #67,16
704510423,Mitchell Ranch 5,16
704510424,New Mexico M State #50,16
704510425,W.H. Turner #5,16
704510426,Greenwood #23,16
704510427,Mitchell Ranch #6,16
704510428,Grizzell #5,16
704510429,New Mexico M State #54,16
704510432,Kirby GU 1-1,16
704510436,WFMU 29,16
704510437,NEFMU #67,16
704510438,WFMU 547,16
704510441,Elliott Federal  #1,16
704510442,Christmas 28 #1,16
704510443,Eva Blinebry B Federal #1,16
704510444,Sterling East Conger,16
704510445,Furrh GU #1,16
704510446,Westbrook 22--9,16
704510447,New Mexico M State #50,16
704510448,New Mexico M State #51,16
704510451,Davis Compressor,16
704510457,Tarrabtuka 3 Federak 1 LOE,16
704510458,Cox 1H LOE,16
704520125,W Central & E Texas 2D Seismic,16
704520136,2007 SEI Volume Agreement,16
704520357,NE Granbury 3D Purchase,16
704520375,Williams Brown 3D Purchase,16
704520388,3D Seismic Permitting for Manning 3D,16
704520434,Williams Fuller 3D Purchase,16
704520449,Aquilla Lake 3D Seismic Acquisition,16
804110069,DTE Acquisition Prospect Due Diligence,16
804110099,Pearcy/Stone Acreage Acquisition,16
804130042,Boswell 4H,16
804130043,Ingle Moore Unit 1H,16
804130044,City of Denton Airport 7H,16
804130045,Clyde Nowlin 1H,16
804130046,East Richardson Unit 2H,16
804130047,East Richardson Unit 3H,16
804130048,Fowler Sawyer Trust Unit 1H,16
804130050,Koldin Unit 1H,16
804130051,Mitchell Ranch 37H,16
804130052,Mitchell Ranch 38H,16
804130053,RB Underwood Trust Unit 1H,16
804130054,Richardson B Unit 1H,16
804130055,Sawyer Scottish Rite Unit 1H,16
804130056,Sawyer Trust A Unit 1H,16
804130057,WCR 2H,16
804130058,Woodburn 2H,16
804130059,Fowler Sawyer Trust Unit 2H,16
804130060,Fowler Sawyer Trust Unit 3H,16
804130061,Ingle Moore Unit 2H,16
804130062,Stevenson 4H,16
804130063,Stevenson 5H,16
804130064,Stevenson 6H,16
804130068,Fletcher 11H,16
804130073,Sam Hindman 1H,16
804130091,Stevenson 3H,16
804130106,Yancey #4H,16
804130107,Yancey #3H,16
804130108,RB Underwood Trust Unit #2H,16
804130109,Parks #3H,16
804130110,Montanaro #2H,16
804130111,Mereken #5H,16
804130112,McCarty #1H,16
804130113,Bartlett #2H,16
804130121,Cresson Estates Unit 1H,16
804130122,Cresson Estates Unit 2H,16
804130141,Lewis 1H,16
804130142,Lewis 2H,16
804130146,Mitchell #3H,16
804130147,Reed Mitchell Unit #2H,16
804130149,Carter Foundation #4H,16
804130150,Mitchell Ranch #26H,16
804130151,Henson #2H,16
804130152,Henson #1H,16
804130183,Benbrook Town Crossing 1H,16
804130185,Stroud 1H,16
804130186,Burleson,16
804130187,Landrum 1H,16
804130188,Goforth Unit 1H,16
804130189,Goforth Unit 2H,16
804130190,Goforth Unit 4H,16
804130191,Sansom Park 3H,16
804130192,Nowlin Clyde 2H,16
804130193,Qureshi Unit 1H,16
804130194,Qureshi Unit 2H,16
804130195,Ryffel 1H,16
804130196,Waddle 1H,16
804130207,Miles Ranch #1H,16
804130208,Miles Ranch #2H,16
804130210,Collins Unit #1H,16
804170105,Haney-Azle 1H,16
804170118,Scrimshire,16
804190127,Denton County Prospect,16
804190128,Ellis & Dallas County Prospect,16
804190129,Hill County,16
804190130,Hood County,16
804190131,Johnson County,16
804190132,Parker County,16
804190133,Tarrant County,16
804190134,08 Future Barnett Shale,16
804220120,Yancey 2H,16
804230143,"Hill County 10"" Pipeline and Compressor Station",16
804230144,"Mereken-Green Bay 6"" Pipeline",16
804230145,"CIP 8"" Pipeline",16
804230148,"Rosemary Rogers/Yancy 6"" Pipeline",16
804510072,Russell Ranch 1H,16
804510074,Crawford 1H,16
804510075,Kofford 1H,16
804510076,Hobson 1H,16
804510077,Dobbs 1H,16
804510078,Weaver 1H,16
804510079,Weaver 2H,16
804510080,Fletcher 3A,16
804510081,Fletcher 4A,16
804510082,Anderton Vigil 1H,16
804510083,Beard 4,16
804510084,Mitchell 2H,16
804510085,City of Denton Airport 3H,16
804510089,Smith-Braewood #2,16
804510090,Smith #1,16
804510094,Cromer #1,16
804510097,Wardlay 1H,16
804510098,Robinson-Moniz 1H,16
804510119,Dobbs 2H,16
804510211,Pennington Pettibon #1,16
804510212,Pennington Pettibon #2,16
804510213,Wellborn 1H,16
7041110393,Hendrix Acq Due Diligence,16
7041300022,Fairway #2H,16
7041300100,Mitchell Ranch #23H,16
7041300991,Turkey Creek #6H,16
7041302222,Mitchell Ranch #14-H,16
1111111,Tract Inc,17
TRACT,Tract - In office work,17
Cartog,Scope Mapping Cartography,23
30000380,McMahon #2H,24
30000437,Encanna,24
30000581,Nona Williams #1H  (Tie-in with Ators to Enbridge),24
30000720,Sugar Tree #1H,24
30000721,Bills GU #1H,24
30000722,David Langham GU #1H,24
30000723,Ada Thompson #1H,24
30000724,Wakefield #1H,24
30000725,Barbara Hencken #1H  (Same as Parchman),24
30000726,PBM Ragle #1H,24
30000727,John Westhoff #1H,24
30000729,Encanna,24
30000745,Joyce Fuller #1H,24
30000754,Aspect,24
30000778,A.L. Hayter #2H,24
30000779,Seymour West #1H,24
30000780,Lumberman B #1H,24
30000786,Encanna,24
30000787,Chief,24
30000788,Williams,24
30000789,Williams,24
30000875,Williams,24
30000943,Aspect,24
30000973,Louie Michou #1H,24
30000974,Charles Bedinger A #1H,24
30000975,Seymour East #1H,24
30000976,Estilita C. Hall #1H,24
30000978,Laprelle #13H,24
30000979,Randal Flamik #1H,24
30000980,Chief Pent #8H,24
30000981,Chief Pent #7H,24
30000982,Garnett Laprelle #12H,24
30000983,Laprelle #12H,24
30000984,Laprelle #11H,24
30000985,Garnett Laprelle #9H,24
30000987,Laprelle #10H,24
30000988,Sloan A GU #1H,24
30000989,Split Rail #1H,24
30000992,Laprelle #14H,24
30001020,Carrizo,24
30001022,Mereen Investments #1H,24
30001032,Sherman Hudson #1H,24
30001092,Bedinger North #3H,24
30001094,Garnett Laprelle #11H,24
30001095,McMahon #3H (Tie-in with Hyde Hickman),24
30001096,Bonds Ranch H #1H,24
30001097,Bonds Ranch G #2H,24
30001098,Bonds Ranch B #5H,24
30001099,Bonds Ranch F #3H,24
30001100,Grogan Barbee A #1H,24
30001102,Elkins #13H,24
30001103,Jarvis Chief #6H,24
30001104,Jarvis Chief #7H,24
30001105,Gad Partners #7H,24
30001106,Sugar Tree #2H,24
30001118,Chesapeake,24
30001149,Williams-Staples-Javeed,24
30001160,McMahon #6H,24
30001161,Synergy #3H,24
30001162,Day #9H,24
30001163,Day #10H,24
30001164,GAD Partners #8D,24
30001165,GAD Partners #6H,24
30001175,XTO,24
30001176,ConocoPhillips (Burlington),24
30001182,Moncrief,24
30001183,Moncrief,24
30001192,Hedrick Burns #1H,24
30001193,Hollis Sullivan,24
30001207,Llano Royalty,24
30001210,Alton Isbell #1H,24
30001211,M & J Bar None A #1H,24
30001213,Murrin Bear Creek #3H,24
30001227,Earley Calahan GU #1H,24
30001228,Mulloy #1H,24
30001229,Wasilchak GU #1H  (Will tie-in with Brazos Point),24
30001230,Pepper #1H,24
30001231,Brite #1H,24
30001232,Chesapeake,24
30001233,ConocoPhillips (Burlington),24
30001267,El Chico to Dean,24
30001282,Faxel 4H,24
30001367,McElroy Compressor to Ross,24
30001368,Ross to Bluebird,24
30001369,Ross to Miller,24
30001429,Wasilchak to Brazos Point,24
30001559,Devon Porter 3H,24
30001560,Devon Porter 5H,24
30001601,WestWeatherford 20 Loop,24
30001608,Huffman 1H,24
30001620,Devon Moss Build Out,24
30001622,Barone 1H,24
30001686,Gravelco,24
30001687,Smelly,24
30001688,Morris Robertson 1H,24
30001689,Grogan Barbee,24
30001767,Aspect Dos Wild Hare,24
30001791,Spindletop Morgan Extension Lease,24
30001792,Buxton 1H,24
30001822,Citrus Energey Loyd 1H,24
30001846,Todd South 6H,24
30001851,Devon Sam Husley 1H,24
30001878,Fuller Williams 1H,24
30001900,Owen 1H,24
30001926,Porter 2H well connect,24
30002013,Sam Hindman 1H,24
30002014,Murrin BC 7H well connect,24
30002015,Joseph Thomas,24
30002016,J.E. Carter 1H,24
30002109,Bonds Ranch E,24
30002110,Bonds Ranch F,24
30002111,Bonds Ranch H,24
30002150,Aspect Parr CDP,24
30002178,Aspect Iles Lateral Replace,24
30002235,"Azle to Denbury Dean 12"" Loop",24
EM005855,Hyde-Hickman #1H,24
EM005860,Johnson East Unit #1H,24
EM006812,Williams Unit #1H,24
EM006816,Durant South Unit #1H,24
EM006850,XTO,24
EM006867,Murrin Bear Creek #2H,24
EM006872,Conoco Phillips Randall CDP,24
EM006882,"Ator GU A #1H  (Ator 1H, Thorman, Nona Wiliams to Enbridge)",24
EM006890,Swaim #1H                                        (Swaim & Kathie Nance to M,24
EM06867,Lumbermen #1H,24
EM06878,Parchman #1H    ( Lumberman & Parchman all on same line.  Ties into the Mur,24
EM6890,Kathy Nance #1H,24
9332,Enbridge Projects,29
93332,KPD RESIDUE EXISTING ROW CLEARING,29
693048100,Weatherford Plant NGL Line,29
693155100,Weather ford Plant Residue to Milsap,29
793114112,Ground Bed JM-13 & 15,29
793114129,Adexco to Withers 1H,29
793114134,Square One Energy Desdemona,29
793114137,Republic Buckner,29
793114138,EOG Youngblood H 1H,29
793114139,EOG Moline 1H,29
793114140,EOG Newberry martin brown CDP,29
793114144,Adexco Hooten 1H,29
793114146,Miles Moore Mansell #1 H,29
793114147,Burlington Brown 2H,29
793114148,Burlington McMurrey C #1H,29
793114149,Burlington McMurrey D #1H,29
793114153,J.B. 14C.B. Long # 2,29
793114155,Citrus-Clearwater Scott Unit #1H,29
793114159,Arrington Brown Hackle Dodson 1H,29
793114160,Panther(Carrizo) Three B# 1H Line,29
793114162,Lipan #1H,29
793114163,Arrington Rooster Tail 1H,29
793114165,Millsap Station-Piping Revision Line 15028 & Line 15000,29
793114166,Adexco Baker #1H,29
793114168,Aspect Crawford Edwards 2H,29
793114172,spindletop ray clark 1H & 2H,29
793114175,XTO Larkin Unit 1H (SL-0651),29
793123101,EPSX-2,29
793123102,"EPSX-2 8"" Hog Creek Crossing Pipeline Replacement",29
793123104,BL 412-3 (2''),29
793125106,JB-27 & 28,29
793125107,Ranger Compressor Station Discharge Line (3rd KC),29
793125109,"OED 10"" Replacement",29
793125115,Square One Energy Desdemona,29
793125125,X-Ray Compressor Station Discharge Line,29
793135115,DTE Patton #1H,29
793135117,STE Shawver A #1 H,29
793135131,DTE Anderson #1 H,29
793135133,dte Cherryhomes S 23H,29
793135134,DTE lee #1 H & #2 H,29
793135135,Adexco Widman 1H,29
793137127,Peaster N Extension,29
793137136,Shell-Arcadia Cole 1H,29
793137141,"Burlington Hurley 1D, 2D, 3D",29
793137142,Burlington Sadau #1H & 2H,29
793137143,Burlington Cass Edwards B6H & 7H,29
793137152,Davidson Greenman,29
793146107,Dentbury Estes #1 CDP,29
793150116,R. M. Hill Carter Bend,29
793150117,EOG Ryan 1H,29
793150119,Roger King 1 H,29
793150127,DTE Sewell A #1,29
793150128,DTE Jerry K Moore #1,29
793150129,DTE Moore Estate #1,29
793150132,DTE Stamper - Fowler #1 H,29
793150133,DTE Williams 1H,29
793150135,Tempo Resources Hinkson,29
793150145,Grenadier Melissa Hickman,29
793150146,DTE Hamblin,29
793159131,Cholla State Cactus #1,29
893114122,J & W Simmons #1B,29
893137124,Panther Carrizo Andress H,29
893137130,"William Worton 7H,8H,9H,10H &Holt 5H",29
9308762004,KPD Residue Existing ROW Clearing,29
9.33E+13,Faucett Property Leak Repair,29
0693114A17,JB26 on CABDBAC 10,29
793159131A,Cholla State Cactus #7,29
793159131B,Cholla State Cactus #8,29
93114OP07102,Integrity Test Line 15099,29
93114OP07104,Integrity Test Line 13000,29
93114op07105,Convert to Propane,29
93332A,Crosstex Devon Joe Young 1H,29
93342C,EOG Crawford CDP,29
93342F,Cholla Petroleum State Cactus 1,29
93342G,Cholla 7,29
93342H,Cholla 8,29
93342I,Ranger Compressor Station,29
T893137131,Panther Blair Pickering,29
T0893114133,DTE Goswick # 1H,29
T0893137137,"Upgrade line WGCC 8""",29
893150124,EOG A Unit 1H,29
DeedPl,Scope Mapping Deed Plotting,30
ScMDay,Scope Mappong Day,31
D0010,Martin Unit Pipeline Easement,32
9224,Ken-Tex area Wide,33
9225,Acro #1,33
9226,Acro #2,33
9227,Acro #3,33
9228,Acro #4,33
9229,Acro #5,33
9230,George Brown #1,33
9231,George Brown #2,33
9232,Harvey Pipeline Unit,33
9233,Henry Taylor #1,33
9234,Kirkland Unit,33
9235,Long Bell #1,33
9236,Long Bell #2,33
9237,Long Bell #3,33
9238,Long Bell #4,33
9239,Rayburn Oil Gas Unit 1A,33
9240,Rayburn Oil Unit #2,33
9241,Rayburn Oil Unit #4,33
9242,Rayburn Oil Unit #6,33
9243,Rayburn Oil Gas Unit 7,33
9244,Rayburn Oil Gas Unit 8,33
9245,Rayburn Oil Gas Unit 11,33
9246,Rayburn Oil Gas Unit 12,33
C10069,Gulf South Extension,34
C10079,Lake Murvall Ext,34
C10102,Laser/NUPL,34
C10104,Cabot West-East,34
c10110,Classic Line,34
C10111,Enervest,34
C10112,Greystone,34
Marlin Midstream,Input your project in the AP field in LMExpence ,34
AFE,AFE,35
exp,Expense Processing,35
Inv,Invoice Processing & Delivery,35
Mrktn,Marketting,35
raid,RAID Misc,35
Audit,Audit Services,36
Book,Bookkeeping,36
Pay,Payroll,36
